nominee,film,noms,year_ceremony,total_nominations,nomination_share,year_total_nominations,nom_ratio,is_top_nominated,nom_rank,won_gg_drama,won_gg_musical,won_bafta,won_sag_cast,total_precursor_wins,has_precursor_win,precursor_sweep,win_probability
Malgosia Turzanska,Hamnet,9,2026,9,0.1914893617021276,47,0.1914893617021276,0,4.0,0,0,0,0,0,0,0,0.3425505570449319
Ruth E. Carter,Sinners,15,2026,15,0.3191489361702128,47,0.3191489361702128,1,1.0,0,0,0,0,0,0,0,0.29248277650085547
Miyako Bellizzi,Marty Supreme,11,2026,11,0.2340425531914893,47,0.2340425531914893,0,2.0,0,0,0,0,0,0,0,0.27846881828055553
Kate Hawley,Frankenstein,10,2026,10,0.2127659574468085,47,0.2127659574468085,0,3.0,0,0,0,0,0,0,0,0.08649784817365709
Deborah L. Scott,Avatar: Fire and Ash,2,2026,2,0.0425531914893617,47,0.0425531914893617,0,5.0,0,0,0,0,0,0,0,0.0
