nominee,film,noms,year_ceremony,total_nominations,nomination_share,year_total_nominations,nom_ratio,is_top_nominated,nom_rank,won_gg_drama,won_gg_musical,won_bafta,won_sag_cast,total_precursor_wins,has_precursor_win,precursor_sweep,win_probability
Ryan Coogler,Sinners,15,2026,15,0.2777777777777778,54,0.2777777777777778,1,1.0,0,0,0,0,0,0,0,0.5085551161766856
Paul Thomas Anderson,One Battle after Another,13,2026,13,0.24074074074074073,54,0.24074074074074073,0,2.0,0,0,0,0,0,0,0,0.4957598143034975
Chloé Zhao,Hamnet,9,2026,9,0.16666666666666666,54,0.16666666666666666,0,4.0,0,0,0,0,0,0,0,0.2272069500932845
Joachim Trier,Sentimental Value,6,2026,6,0.1111111111111111,54,0.1111111111111111,0,5.0,0,0,0,0,0,0,0,0.16817148273429464
Josh Safdie,Marty Supreme,11,2026,11,0.2037037037037037,54,0.2037037037037037,0,3.0,0,0,0,0,0,0,0,0.0910247328190866
