nominee,film,noms,year_ceremony,total_nominations,nomination_share,year_total_nominations,nom_ratio,is_top_nominated,nom_rank,won_gg_drama,won_gg_musical,won_bafta,won_sag_cast,total_precursor_wins,has_precursor_win,precursor_sweep,win_probability
Sinners,Sinners,15,2026,15,0.4285714285714285,35,0.4285714285714285,1,1.0,0,0,0,0,0,0,0,0.9208750604026419
Sentimental Value,Sentimental Value,6,2026,6,0.1714285714285714,35,0.1714285714285714,0,3.0,0,0,0,0,0,0,0,0.04446575920830833
Marty Supreme,Marty Supreme,11,2026,11,0.3142857142857143,35,0.3142857142857143,0,2.0,0,0,0,0,0,0,0,0.034659180389049735
Blue Moon,Blue Moon,2,2026,2,0.0571428571428571,35,0.0571428571428571,0,4.0,0,0,0,0,0,0,0,0.0
It Was Just an Accident,It Was Just an Accident,1,2026,1,0.0285714285714285,35,0.0285714285714285,0,5.0,0,0,0,0,0,0,0,0.0
