nominee,film,noms,year_ceremony,total_nominations,nomination_share,year_total_nominations,nom_ratio,is_top_nominated,nom_rank,won_gg_drama,won_gg_musical,won_bafta,won_sag_cast,total_precursor_wins,has_precursor_win,precursor_sweep,win_probability
One Battle after Another,One Battle after Another,13,2026,13,0.3333333333333333,39,0.3333333333333333,1,1.0,0,0,0,0,0,0,0,0.7728452042680961
Frankenstein,Frankenstein,10,2026,10,0.2564102564102564,39,0.2564102564102564,0,2.0,0,0,0,0,0,0,0,0.19248768740999386
Hamnet,Hamnet,9,2026,9,0.23076923076923078,39,0.23076923076923078,0,3.0,0,0,0,0,0,0,0,0.05499170303691581
Bugonia,Bugonia,4,2026,4,0.10256410256410256,39,0.10256410256410256,0,4.0,0,0,0,0,0,0,0,0.0022592592592592595
Train Dreams,Train Dreams,3,2026,3,0.07692307692307693,39,0.07692307692307693,0,5.0,0,0,0,0,0,0,0,0.0
