nominee,film,noms,year_ceremony,total_nominations,nomination_share,year_total_nominations,nom_ratio,is_top_nominated,nom_rank,won_gg_drama,won_gg_musical,won_bafta,won_sag_cast,total_precursor_wins,has_precursor_win,precursor_sweep,win_probability
Ludwig Goransson,Sinners,15,2026,15,0.2941176470588235,51,0.2941176470588235,1,1.0,0,0,0,0,0,0,0,0.6401336442742168
Alexandre Desplat,Frankenstein,10,2026,10,0.196078431372549,51,0.196078431372549,0,3.0,0,0,0,0,0,0,0,0.2058021373996376
Max Richter,Hamnet,9,2026,9,0.1764705882352941,51,0.1764705882352941,0,4.0,0,0,0,0,0,0,0,0.07790221583442683
Jonny Greenwood,One Battle after Another,13,2026,13,0.2549019607843137,51,0.2549019607843137,0,2.0,0,0,0,0,0,0,0,0.07616200249171874
Jerskin Fendrix,Bugonia,4,2026,4,0.0784313725490196,51,0.0784313725490196,0,5.0,0,0,0,0,0,0,0,0.0
