nominee,film,noms,year_ceremony,total_nominations,nomination_share,year_total_nominations,nom_ratio,is_top_nominated,nom_rank,won_gg_drama,won_gg_musical,won_bafta,won_sag_cast,total_precursor_wins,has_precursor_win,precursor_sweep,win_probability
Hannah Beachler & Monique Champagne,Sinners,15,2026,15,0.25862068965517243,58,0.25862068965517243,1,1.0,0,0,0,0,0,0,0,0.5353109094030671
Fiona Crombie & Alice Felton,Hamnet,9,2026,9,0.15517241379310345,58,0.15517241379310345,0,5.0,0,0,0,0,0,0,0,0.2529892658822341
Tamara Deverell & Shane Vieau,Frankenstein,10,2026,10,0.1724137931034483,58,0.1724137931034483,0,4.0,0,0,0,0,0,0,0,0.16593951277907934
Jack Fisk & Adam Willis,Marty Supreme,11,2026,11,0.1896551724137931,58,0.1896551724137931,0,3.0,0,0,0,0,0,0,0,0.1644114849558387
Florencia Martin & Anthony Carlino,One Battle after Another,13,2026,13,0.22413793103448276,58,0.22413793103448276,0,2.0,0,0,0,0,0,0,0,0.11259614235480862
