nominee,film,noms,year_ceremony,total_nominations,nomination_share,year_total_nominations,nom_ratio,is_top_nominated,nom_rank,won_gg_drama,won_gg_musical,won_bafta,won_sag_cast,total_precursor_wins,has_precursor_win,precursor_sweep,win_probability,won_gg
Delroy Lindo,Sinners,15,2026,15,0.2631578947368421,57,0.2631578947368421,1,1.0,0,0,0,0,0,0,0,0.4816017215179481,0
Stellan Skarsgård,Sentimental Value,6,2026,6,0.1052631578947368,57,0.1052631578947368,0,5.0,0,0,0,0,0,0,0,0.23414824025723363,1
Benicio Del Toro,One Battle after Another,13,2026,13,0.2280701754385964,57,0.2280701754385964,0,2.0,0,0,0,0,0,0,0,0.09654624920218126,0
Sean Penn,One Battle after Another,13,2026,13,0.2280701754385964,57,0.2280701754385964,0,2.0,0,0,0,0,0,0,0,0.09654624920218126,0
Jacob Elordi,Frankenstein,10,2026,10,0.175438596491228,57,0.175438596491228,0,4.0,0,0,0,0,0,0,0,0.09115753982045566,0
