nominee,film,noms,year_ceremony,total_nominations,nomination_share,year_total_nominations,nom_ratio,is_top_nominated,nom_rank,won_gg_drama,won_gg_musical,won_bafta,won_sag_cast,total_precursor_wins,has_precursor_win,precursor_sweep,win_probability
Sinners,Sinners,15,2026,15,0.42857142857142855,35,0.42857142857142855,1,1.0,0,0,0,0,0,0,0,0.8487740520656479
Sentimental Value,Sentimental Value,6,2026,6,0.17142857142857143,35,0.17142857142857143,0,3.0,0,0,0,0,0,0,0,0.08196851938830728
Marty Supreme,Marty Supreme,11,2026,11,0.3142857142857143,35,0.3142857142857143,0,2.0,0,0,0,0,0,0,0,0.0638909972591187
Blue Moon,Blue Moon,2,2026,2,0.05714285714285714,35,0.05714285714285714,0,4.0,0,0,0,0,0,0,0,0.0
It Was Just an Accident,It Was Just an Accident,1,2026,1,0.02857142857142857,35,0.02857142857142857,0,5.0,0,0,0,0,0,0,0,0.0
