nominee,film,noms,year_ceremony,total_nominations,nomination_share,year_total_nominations,nom_ratio,is_top_nominated,nom_rank,won_gg_drama,won_gg_musical,won_bafta,won_sag_cast,total_precursor_wins,has_precursor_win,precursor_sweep,win_probability
KPop Demon Hunters,KPop Demon Hunters,3,2026,3,0.4285714285714285,7,0.4285714285714285,1,1.0,0,0,0,0,0,0,0,0.6628673188218052
Arco,Arco,1,2026,1,0.1428571428571428,7,0.1428571428571428,0,2.0,0,0,0,0,0,0,0,0.08428317029454871
Elio,Elio,1,2026,1,0.1428571428571428,7,0.1428571428571428,0,2.0,0,0,0,0,0,0,0,0.08428317029454871
Little Amélie or the Character of Rain,Little Amélie,1,2026,1,0.1428571428571428,7,0.1428571428571428,0,2.0,0,0,0,0,0,0,0,0.08428317029454871
Zootopia 2,Zootopia 2,1,2026,1,0.1428571428571428,7,0.1428571428571428,0,2.0,0,0,0,0,0,0,0,0.08428317029454871
