nominee,film,noms,year_ceremony,total_nominations,nomination_share,year_total_nominations,nom_ratio,is_top_nominated,nom_rank,won_gg_drama,won_gg_musical,won_bafta,won_sag_cast,total_precursor_wins,has_precursor_win,precursor_sweep,win_probability
Ludwig Goransson,Sinners,15,2026,15,0.29411764705882354,51,0.29411764705882354,1,1.0,0,0,0,0,0,0,0,0.7421318952029029
Alexandre Desplat,Frankenstein,10,2026,10,0.19607843137254902,51,0.19607843137254902,0,3.0,0,0,0,0,0,0,0,0.4056105530044863
Max Richter,Hamnet,9,2026,9,0.17647058823529413,51,0.17647058823529413,0,4.0,0,0,0,0,0,0,0,0.1535356301160182
Jonny Greenwood,One Battle after Another,13,2026,13,0.2549019607843137,51,0.2549019607843137,0,2.0,0,0,0,0,0,0,0,0.15010588489956814
Jerskin Fendrix,Bugonia,4,2026,4,0.0784313725490196,51,0.0784313725490196,0,5.0,0,0,0,0,0,0,0,0.0
