nominee,film,noms,year_ceremony,total_nominations,nomination_share,year_total_nominations,nom_ratio,is_top_nominated,nom_rank,won_gg_drama,won_gg_musical,won_bafta,won_sag_cast,total_precursor_wins,has_precursor_win,precursor_sweep,win_probability
One Battle after Another,One Battle after Another,13,2026,13,0.3333333333333333,39,0.3333333333333333,1,1.0,0,0,0,0,0,0,0,0.8478001492756208
Frankenstein,Frankenstein,10,2026,10,0.2564102564102564,39,0.2564102564102564,0,2.0,0,0,0,0,0,0,0,0.11730902415205285
Hamnet,Hamnet,9,2026,9,0.2307692307692307,39,0.2307692307692307,0,3.0,0,0,0,0,0,0,0,0.03351395149747714
Bugonia,Bugonia,4,2026,4,0.1025641025641025,39,0.1025641025641025,0,4.0,0,0,0,0,0,0,0,0.00137687507484921
Train Dreams,Train Dreams,3,2026,3,0.0769230769230769,39,0.0769230769230769,0,5.0,0,0,0,0,0,0,0,0.0
