nominee,film,noms,year_ceremony,total_nominations,nomination_share,year_total_nominations,nom_ratio,is_top_nominated,nom_rank,won_gg_drama,won_gg_musical,won_bafta,won_sag_cast,total_precursor_wins,has_precursor_win,precursor_sweep,win_probability
Delroy Lindo,Sinners,15,2026,15,0.2631578947368421,57,0.2631578947368421,1,1.0,0,0,0,0,0,0,0,0.594918752540322
Stellan Skarsgård,Sentimental Value,6,2026,6,0.10526315789473684,57,0.10526315789473684,0,5.0,0,0,0,0,0,0,0,0.19282763160160857
Benicio Del Toro,One Battle after Another,13,2026,13,0.22807017543859648,57,0.22807017543859648,0,2.0,0,0,0,0,0,0,0,0.11926280902147529
Sean Penn,One Battle after Another,13,2026,13,0.22807017543859648,57,0.22807017543859648,0,2.0,0,0,0,0,0,0,0,0.11926280902147529
Jacob Elordi,Frankenstein,10,2026,10,0.17543859649122806,57,0.17543859649122806,0,4.0,0,0,0,0,0,0,0,0.11260617944574598
