film,win_probability,estimated_nominations,won_gg_drama,won_gg_musical,buzz_score
The Brutalist,0.11057312068989529,11,1,0,92
Emilia Pérez,0.08390645402322863,11,0,1,95
Conclave,0.04667144226280505,7,0,0,85
Wicked,0.04667144226280505,7,0,0,88
The Substance,0.02666666666666667,5,0,0,75
A Complete Unknown,0.02666666666666667,5,0,0,78
Dune: Part Two,0.018705899575464792,6,0,0,80
Anora,0.018705899575464792,6,0,0,83
